{
  "delay_seconds": 0.20612481429332255,
  "feedback": 0.44524520231766257,
  "mix_ratio": 0.4826473994956806
}