{
  "room_size": 0.6509464777318007,
  "damping": 0.10675871150624516,
  "width": 0.6731814135077191,
  "mix_ratio": 0.6437324527606754
}