{
  "delay_seconds": 0.2772488051417046,
  "feedback": 0.3106245708714812,
  "mix_ratio": 0.2758882935844048
}